GÃ¶rÃ¼ÅŸ,label,Kelimeler,Toplam AÄŸÄ±rlÄ±k,binary_sonuÃ§lar,DoÄŸruluk
olumlu yÃ¶nleri : Ã¼rÃ¼nÃ¼ 1 aydÄ±r eÅŸim kullanÄ±yor baÅŸarÄ±lÄ± filtresine dikkat etmeniz gerek .,1,olumlu,0.06666666666666667,1,True
toplam 11 adet aldÄ±m parasÄ±na gÃ¶re Ã§ok iyi bir telefon,1,"Ã§ok, iyi",1.4,1,True
Ã¼rÃ¼n Ã§ok gÃ¼zel kaliteli ama bÄ±Ã§aklarÄ± o kadar keskin ki rendeye getirmek iÃ§in doÄŸrayÄ±cÄ± el kestiriyor keÅŸke onu Ã§Ä±kamadan bir baÅŸka aparat yapÄ±lsaymÄ±ÅŸ,0,"Ã§ok, gÃ¼zel, keskin, keÅŸke",1.4416666666666667,1,False
"fÄ±rÄ±n nerdeyse hiÃ§ Ä±sÄ±nmÄ±yor , kullanÄ±ÅŸlÄ± deÄŸil . iÃ§indeki tel kÄ±rÄ±k olarak gelmiÅŸ .",0,"hiÃ§, kÄ±rÄ±k",-0.8679245283018867,0,True
olumsuz yÃ¶nleri : hiÃ§ memnun kaldÄ±m daha 1 kere Ã§alÄ±ÅŸtÄ±rdÄ±m bozuldu geri iade edeceÄŸim,0,"olumsuz, hiÃ§, memnun, daha, geri",-0.44711740041928716,0,True
telefonun bana ulaÅŸma sÃ¼reci sancÄ±lÄ± oldu biraz . eve gelip beni bulamadÄ±klarÄ±nÄ± sÃ¶ylediler . kimse aramadÄ± dediÄŸimde ise ' sizi arama . zorunluluÄŸumuz yok ' dediler . peki dedim . Ã¼rÃ¼nÃ¼n olduÄŸu ÅŸubelerine gidip paketimi kendim aldÄ±m . telefonun bataryasÄ± beklendiÄŸi gibi uzun sÃ¼re gidiyor bu konuda mutluyum ancak arama yaptÄ±ÄŸÄ±m zaman ekran kararÄ±yor . watsapta ses kaydÄ± dinlerken sorun yaÅŸÄ±yorum . dokunmatiÄŸiyle ilgili de problem var . geri gÃ¶nder tekrar al muhabbetlerinden hoÅŸlanamdiÄŸim iÃ§in bu ÅŸartlarda alaiÅŸmaya Ã§alÄ±ÅŸacaÄŸÄ±m ama daha bÃ¼yÃ¼k problem Ã§Ä±karsa o zaman iade etmeyi dÃ¼ÅŸÃ¼nebilirim . Ã¶nceki telefonu yaptÄ±rÄ±p ona dÃ¶nmeyi bile . dÃ¼ÅŸÃ¼ndÃ¼m . sevgiler .,1,"biraz, ise, zorunlu, yok, peki, uzun, mutlu, dokunmatik, ilgili, geri, tekrar, daha, bÃ¼yÃ¼k, bile",-1.0570754716981134,0,False
Ã¼rÃ¼n geldi ve Ã§alÄ±ÅŸmÄ±yor,0,,0.0,-1,False
bende beÄŸenerek aldÄ±m ama Ã§ay yaptÄ±ÄŸÄ±m zaman bir koku oluyor ve onda ne zmm Ã§ay demlesem beÄŸenilmiyor . acaba demlerken Ã¶zellikle dikkat etmemiz gereken durum nedir,0,"ne, acaba, Ã¶zellikle",0.11944444444444445,1,False
bu fiyata inanÄ±lmaz kaliteli bir bulaÅŸÄ±k makinesi ben Ã§ok memnunum .,1,"Ã§ok, memnun",1.2305555555555556,1,True
gayet iyi tavsiye ederim .,1,"gayet, iyi",0.5805555555555556,1,True
"blender kullanÄ±ÅŸsÄ±z , gÃ¼zel parÃ§alamÄ±yor . sÃ¼rekli aÃ§Ä±p bÃ¼yÃ¼k parÃ§alarÄ± bÄ±Ã§aklara doÄŸru itmek gerekiyor . ayrÄ±ca motoru hemen yandÄ± .",0,"gÃ¼zel, sÃ¼rekli, bÃ¼yÃ¼k, doÄŸru, ayrÄ±ca, hemen",0.6944444444444444,1,False
sorunsuz tam zamanÄ±nda geldi . fiyat kalite tatminkar,1,"tam, tatminkÃ¢r",0.06388888888888888,1,True
beÄŸendim sorunsuz,1,,0.0,-1,False
kargo ile herhangi bir sÄ±kÄ±ntÄ± yaÅŸamadÄ±m . kargo evime en yakÄ±n vestel bayiine vestel bayi de evime getirip kurup garantisini baÅŸlattÄ± . anneme hediye aldÄ±m makine gayet gÃ¼zel temizliyormuÅŸ :) Ã¶nceki bulaÅŸÄ±k makinesinden daha sessiz Ã§alÄ±ÅŸÄ±yor .,1,"herhangi, en, gayet, gÃ¼zel, daha",1.0777777777777777,1,True
fiyatÄ±na gÃ¶re gayet iyi bir Ã¼rÃ¼n olduÄŸunu biliyorum . anneme birkaÃ§ sene Ã¶nce bir alt modelini almÄ±ÅŸtÄ±m hala sorunsuz kullanÄ±yor . sadece biraz aÄŸÄ±rmÄ±ÅŸ ama Ã§okta problem deÄŸil . bu Ã¼rÃ¼nde gayet dÃ¼zgÃ¼n ambalajlanmÄ±ÅŸ ulaÅŸtÄ± . umarÄ±z kullanmaya baÅŸlayÄ±nca da fikir deÄŸiÅŸtirtmez .,1,"gayet, iyi, hÃ¢lÃ¢, sadece, biraz, aÄŸÄ±r, Ã§ok, gayet, dÃ¼zgÃ¼n",0.9342767295597485,1,True
hayÄ±r paketlenmeden dolaylÄ± hasarlÄ±,0,,0.0,-1,False
seramik taban Ã§abuk Ä±sÄ±nÄ±p giysiye yapÄ±ÅŸÄ±yor iki giysimi yaktÄ± .,0,Ã§abuk,0.027777777777777776,1,False
gÃ¼zel bir Ã¼rÃ¼n tavsiye ederim,1,gÃ¼zel,0.425,1,True
almayÄ±n aldÄ±rmayÄ±n . hiÃ§ ama hiÃ§ beÄŸenmedim,0,"hiÃ§, hiÃ§",-1.6037735849056602,0,True
Ã¼rÃ¼nÃ¼ h . sonu sipariÅŸ ettim ve salÄ± gÃ¼nÃ¼ teslim aldÄ±m . Ã¼rÃ¼n gelir gelmez deneme yaptÄ±m Ã§ok gÃ¼zel Ã¼rÃ¼n 4000 kullanÄ±yordum ama 5000 gerÃ§ekten gÃ¼zel ve aparatlarÄ± daha fazla ve mavi rengi de Ã§ok hoÅŸ gerÃ§ekten :) Ã§ekim gÃ¼cÃ¼ de iyi tavsiye edilir :),1,"Ã§ok, gÃ¼zel, gerÃ§ekten, gÃ¼zel, daha, fazla, mavi, Ã§ok, hoÅŸ, gerÃ§ekten, iyi",3.8722222222222222,1,True
bu Ã¼rÃ¼nÃ¼ almadan Ã¶nce biraz araÅŸtÄ±rma yaptÄ±m . kullanÄ±cÄ± yorumlarÄ± ve Ã§evredeki kullanÄ±cÄ±lardan olumlu yÃ¶nde etkilenerek aldÄ±m . kÄ±sa sÃ¼rede Ã¼rÃ¼n geldi ve denedim . 10 yÄ±ldÄ±r kullandÄ±ÄŸÄ±m farklÄ± bir marka Ã¼tÃ¼me gÃ¶re Ã§ok Ã§ok iyi . 1. Ã¼tÃ¼leme sÃ¼resi kÄ±salÄ±yor 2. giysileri Ã§ok kolay aÃ§Ä±yor 3. malzeme kalitesi yÃ¼ksek tek olumsuz tarafÄ± ilk 3 adet gÃ¶mlek Ã¼tÃ¼lememde ÅŸu damlatmasÄ± oldu Ã¶zellikle tam Ä±sÄ±nmadan Ã¼tÃ¼ye devam edildiÄŸinde . bence kullanÄ±ma baÄŸlÄ± olarak sorun giderilir . tavsiye ederim piÅŸman olmazsÄ±nÄ±z .,1,"biraz, olumlu, kÄ±sa, Ã§ok, Ã§ok, iyi, Ã§ok, kolay, yÃ¼ksek, tek, olumsuz, ilk, Ã¶zellikle, tam, piÅŸman",3.0264675052410897,1,True
4 yÄ±ldÄ±r hala taÅŸ gibi telefon . pili bile hala bir tam gÃ¼nÃ¼ Ã§Ä±karÄ±yor,1,"hÃ¢lÃ¢, bile, hÃ¢lÃ¢, tam",-0.5210167714884696,0,False
Ã¼rÃ¼n oyuncak Ã¼tÃ¼ gibi,0,,0.0,-1,False
gÃ¼zel Ã¼rÃ¼n . hÄ±zlÄ± teslimat,1,gÃ¼zel,0.425,1,True
Ã¼rÃ¼n kaliteli ancak kargo sÃ¼resi Ã§ok uzun 5 gÃ¼nde ancak gelebildi .,0,"Ã§ok, uzun",1.05,1,False
evet gÃ¼zel yalnÄ±z iletiÅŸim eksik faturam yok,1,"evet, gÃ¼zel, yalnÄ±z, yok",-0.5888364779874213,0,False
uydular gÃ¼zel fakat yeterli deÄŸil bu fiyata gÃ¶re subwofer beklediÄŸimden Ã§ok zayÄ±f Ã§Ä±ktÄ± baÅŸlar hiÃ§ yok gibi arkadaÅŸÄ±mÄ±n almÄ±ÅŸ olduÄŸu 9w Ã§Ä±kÄ±ÅŸlÄ± creative a120 ÅŸaÅŸÄ±rtÄ±cÄ± bir ÅŸekilde bundan daha iyi ses veriyor anlayabilmiÅŸ deÄŸilim tavsiye etmiyorum,0,"gÃ¼zel, yeterli, Ã§ok, zayÄ±f, hiÃ§, yok, daha, iyi",0.33207547169811313,1,False
"Ã¼rÃ¼nÃ¼n aÃ§Ä±klamasÄ±nda karbon filtre ve gider borusunun olmadÄ±ÄŸÄ±nÄ± ve servisinde bunu fÄ±rsat bilip 25 tl ilk filtreyi 80 tl ye , 8tl ilk boruyu 20 tl satmaya Ã§alÄ±ÅŸmasÄ± ile karÅŸÄ±laÅŸmak sÄ±kÄ±ntÄ±lÄ± bir durum . ayrÄ±ca Ã¼rÃ¼n e sÄ±nÄ±fÄ± elektrik tÃ¼ketimi yapÄ±yormuÅŸ bunu da satan arkadaÅŸ belirtmiyor . kargo ÅŸirketi paketi aÃ§Ä±k vaziyette getirdi . iÃ§ini aÃ§Ä±p kontrol ederek aldÄ±m mecburen . baÅŸka marka olsa garantiniz bozuldu gibi bir sonuÃ§la karÅŸÄ±laÅŸmam olasÄ±ydÄ± . sonuÃ§ olarak iÅŸini iyi yapan bir satÄ±cÄ± deÄŸil aynÄ± zamanda iÅŸini iyi yapan bir marka deÄŸil . iyi gÃ¼nler .",0,"ilk, ilk, ayrÄ±ca, aÃ§Ä±k, mecburen, baÅŸka, olasÄ±, iyi, aynÄ±, iyi, iyi",1.5583333333333331,1,False
gerÃ§ekten Ã¼rÃ¼nÃ¼ beÄŸendim . Ã§ok kullanÄ±ÅŸlÄ± . pratik .,1,"gerÃ§ekten, Ã§ok",1.075,1,True
Ã§ok pratik tatil iÃ§in ğŸ‘ğŸ»,1,Ã§ok,1.0,1,True
Ã¼rÃ¼n elime hala geÃ§mediÄŸi iÃ§in bilmiyorum,0,hÃ¢lÃ¢,-0.13207547169811318,0,True
Ã¼rÃ¼n gayet kaliteli ve Ã§ekim gÃ¼cÃ¼ Ã§ok gÃ¼zel . fakat eÅŸim halÄ±larÄ± sÃ¼pÃ¼remiyor Ã§Ã¼nkÃ¼ Ã§ekim gÃ¼cÃ¼ Ã§ok yÃ¼ksek olduÄŸu iÃ§in tekerlekleri hareket etmiyor . bu sÄ±kÄ±ntÄ± . borusu bence Ã§ok trt uyduruk bir ÅŸey hiÃ§ yumuÅŸak deÄŸil Ã§ok sert her an kÄ±rÄ±lacak gibi . toz haznesi kÃ¼Ã§Ã¼k olduÄŸu iÃ§in filtresini dÃ¼zenli temizlerseniz verimli kullanÄ±rsÄ±nÄ±z .,1,"gayet, Ã§ok, gÃ¼zel, Ã§ok, yÃ¼ksek, Ã§ok, uyduruk, hiÃ§, yumuÅŸak, Ã§ok, sert, kÃ¼Ã§Ã¼k",3.629454926624738,1,True
plastik yapÄ±sÄ± Ã§ok kÄ±rÄ±lgan . her an baÅŸÄ±na bir ÅŸey gelebilir diye kutuda gezdiriyorum . bilseydin bu kadar ince ve kÄ±rÄ±lgan olduÄŸunu almazdÄ±m .,0,"Ã§ok, kÄ±rÄ±lgan, ince, kÄ±rÄ±lgan",1.0194444444444444,1,False
harika dÃ¼ÅŸÃ¼nmeden alÄ±n kusursuzğŸ‘ğŸ» her yÃ¶nÃ¼yle fiyatÄ±nÄ± hakediyor,1,harika,0.09166666666666666,1,True
sadece bir kere durulamasana yapÄ±yor beni dÃ¼ÅŸÃ¼ndÃ¼ren bu sadece,0,"sadece, sadece",-0.679245283018868,0,True
"ben son derece memnunum . aslÄ±na bakarsanÄ±z zaman iÃ§erisinde yÄ±pranma olacaÄŸÄ±nÄ± dÃ¼ÅŸÃ¼ndÃ¼ÄŸÃ¼m iÃ§in bu konuda youtube yorumlarÄ±na falan gÃ¶z atmaya karar vermiÅŸtim . oysa ki hem ekonomik hem de klasik bir makine sÃ¶z konusu olduÄŸunda farklÄ± seÃ§eneklerin Ã¶n plana Ã§Ä±ktÄ±ÄŸÄ±nÄ± sÃ¶yleyebilirim . yalnÄ±z alman kalitesi olmasÄ± nedeniyle bu makinenin son derece baÅŸarÄ±lÄ± olduÄŸunu da belirtmeden geÃ§emeyeceÄŸim . ben Ã§ok Ã§amaÅŸÄ±r yÄ±karÄ±m , aynÄ± zaman da ekonomik olmasÄ±nÄ± isterim diyenler varsa kesinlikle dÃ¼ÅŸÃ¼nmeden alsÄ±nlar derim .",1,"son, memnun, ekonomik, yalnÄ±z, son, Ã§ok, aynÄ±, ekonomik, kesin",1.391719077568134,1,True
Ã¼rÃ¼nÃ¼m saÄŸlamdÄ± fakat hafta kullandÄ±m hiÃ§ bir deÄŸiÅŸim gÃ¶zlemedim tavsiye etmem yararÄ± yok,0,"saÄŸlam, hiÃ§, yok",-1.7379979035639412,0,True
Ã¼rÃ¼nÃ¼ fiyat olarak benzerleri ile karÅŸÄ±laÅŸtÄ±rarak teknoloji marketlerde inceleyerek burdan aldÄ±m . 10 numara 5 yÄ±ldÄ±zÄ± bu fiyata 100 kere hak ediyor tavsiye ederim .,1,benzer,0.002777777777777778,1,True
Ã¼rÃ¼nÃ¼ aldÄ±m ÅŸÃ¼kÃ¼r bir sÄ±kÄ±ntÄ± Ã§Ä±kmadÄ± 2 aydÄ±r kullanÄ±yorum bir problem yaÅŸamadÄ±m tavsiye ederim .,1,,0.0,-1,False
wqefwfewfverfwefwef,0,,0.0,-1,False
Ã§ok gÃ¼zel kaliteli bir Ã¼rÃ¼n,1,"Ã§ok, gÃ¼zel",1.425,1,True
Ã¼rÃ¼nÃ¼n Ã§ekiÅŸ kuvveti Ã§ok iyi . ancak Ã§ok gÃ¼rÃ¼ltÃ¼lÃ¼ .,1,"Ã§ok, iyi, Ã§ok",2.4,1,True
arzum ar1066 Ã§Ä±rpma yaparken dibini iyi almÄ±yor,0,iyi,0.4,1,False
gÃ¼venilir satÄ±cÄ± indirimli fiyat almak isteyenlere tavsiye ederim . . ğŸ‘Œ,1,,0.0,-1,False
bende yeni aldÄ±m ama tarif yok gerÃ§ekten kÄ±zarmasana iÃ§in ne kadar yaÄŸ koyacaÄŸÄ±z ne yapacaÄŸÄ±z bellindeÄŸil iÃ§inde tarif kitapÃ§Ä±ÄŸÄ± olsa daha iyi olurdu,0,"yeni, yok, gerÃ§ekten, ne, ne, daha, iyi",0.047222222222222165,1,False
Ã§ok beÄŸendik,1,Ã§ok,1.0,1,True
kÄ±zartma yaparken sÄ±Ã§rayan ve her yeri kirleten yaÄŸlardan bÄ±ktÄ±ysanÄ±z iÅŸte tam size gÃ¶re olan bir Ã¼rÃ¼n . ne kÄ±zartÄ±rsanÄ±z kÄ±zartÄ±nÄ±z sÄ±Ã§rama pislenme derdi yok ve her ÅŸeyi Ã§ok gÃ¼zel ÅŸekilde kÄ±zartÄ±yor ve Ã¼stelik Ã§ok az miktar yaÄŸ kullanarak yaÄŸdan tasarruf edebilirsiniz . gerÃ§ekten tavsiye edebileceÄŸim bir Ã¼rÃ¼n :),1,"tam, ne, pis, yok, Ã§ok, gÃ¼zel, Ã¼stelik, Ã§ok, az, gerÃ§ekten",1.5517819706498952,1,True
Ã¶ncelikle Ã¼rÃ¼n elimize kÄ±sa sÃ¼re de ulaÅŸtÄ± . iÃ§i ve diÅŸinin Ã§elik olmasÄ± bizim Ã¶nceliÄŸimizdi . diÄŸer markalarda benzer Ã¼rÃ¼nlerle kÄ±yaslandÄ±ÄŸÄ±nda eksiÄŸi yok denebilir . Ã§alÄ±ÅŸÄ±rken sesi biraz yÃ¼ksek ama ne kadar Ã¶nemli tartÄ±ÅŸÄ±lÄ±r . demlik kÄ±smÄ±nÄ±n kapaÄŸÄ± mevcut ancak demliksiz kullanmak istediÄŸinizde ikinci bir kapak Ã§Ä±kmadÄ± ( fakat demliÄŸin kapaÄŸÄ± almada uyuyor ),1,"kÄ±sa, diÄŸer, benzer, yok, biraz, yÃ¼ksek, ne",-1.1002096436058701,0,False
harika bir Ã¼rÃ¼n Ã§ok beÄŸendim,1,"harika, Ã§ok",1.0916666666666666,1,True
5 yÄ±ldÄ±r kullanÄ±yorum bu aldÄ±ÄŸÄ±m 2 ci sÃ¼pÃ¼rge makinasÄ± . torbalÄ± sÃ¼pÃ¼rge makinasÄ± kullanÄ±yorum ama arnica bora su filtreli makinanÄ±n yerini tutmuyor toz moz bÄ±rakmÄ±yor Ã§ook gÃ¼zel bu makinayÄ± Ã¼retenlere teÅŸekkÃ¼r ederim elleri dert gÃ¶rmesin ... .,1,gÃ¼zel,0.425,1,True
"Ã¼rÃ¼nÃ¼ almadan Ã¶nce yorumlarÄ± okudum . sessiz Ã§alÄ±ÅŸÄ±yor filan yazÄ±yordu . fakat tamamen hayal kÄ±rÄ±klÄ±ÄŸÄ± . kesinlikle Ã§ok sesli Ã§alÄ±ÅŸÄ±yor . sanki 80 model merdaneli Ã§amaÅŸÄ±r makinesi aldÄ±m onu kullanÄ±yorum . Ã§amaÅŸÄ±r makinem sÄ±kma programÄ±nda bile bu kadar ses Ã§Ä±karmÄ±yor . mutfaÄŸÄ±m ayrÄ± salonumda tv sesi aÃ§Ä±kken bile salonun mutfaÄŸa en uzak mesafesinde Ã§alÄ±ÅŸma sesini su alma sesini , su fÄ±ÅŸkÄ±rtan pervanelerin dÃ¶nem sesini Ã§ok net yanÄ±ndaymÄ±ÅŸsÄ±n gibi duyuyorum . keÅŸke burada ses kaydÄ± gÃ¶nderme Ã¶zelliÄŸi olsa da ÅŸu anda Ã§alÄ±ÅŸma sesini gÃ¶nderebilsem . bide kurutmasÄ± Ã§ok kÃ¶tÃ¼ . kesinlikle kurutmuyor . sepette damlacaÄŸÄ±zlar kalÄ±rmÄ±ÅŸ . Ã¶nce alt sepeti boÅŸaltÄ±p sonra Ã¼st sepeti boÅŸaldÄ±rmam gerekmiÅŸ falan filan . sanki ilk defa bulaÅŸÄ±k makinesi kullanÄ±yoruz . tamamen saÃ§malÄ±k . servis geldiÄŸinde de bu sesin normal olduÄŸunu iddia ediyor . kurutma iÃ§inde yukarÄ±da yazdÄ±ÄŸÄ±m ÅŸeyleri sÃ¶ylediler . cidden ÅŸaka gibi bir makine . kesinlikle tavsiye etmiyorum . bu bulaÅŸÄ±k makinesi bÃ¼yÃ¼k bir piÅŸmanlÄ±ktÄ±r .",0,"tamamen, kesin, sanki, bile, ayrÄ±, bile, en, uzak, Ã§ok, keÅŸke, Ã§ok, kÃ¶tÃ¼, kesin, Ã¶nce, sanki, ilk, tamamen, saÃ§malÄ±k, normal, cidden, kesin, bÃ¼yÃ¼k, piÅŸman",1.510849056603773,1,False
"Ã¼rÃ¼nÃ¼ teslim aldÄ±m , servisine sordum , kendiniz kurabilirsiniz dedi , bende kÃ¼rdÃ¼m , ama cihazda bir anormallik vardÄ± , hava emmiyordu dÃ¼ , servisini Ã§aÄŸÄ±rdÄ±m gelip baktÄ±lar , motorun teki Ã§alÄ±ÅŸmÄ±yormuÅŸ , o motoru deÄŸiÅŸtirmek iÃ§in gÃ¶tÃ¼rdÃ¼ler . bence arnica sÃ¼pÃ¼rgede iyi aspiratÃ¶rde deÄŸil , sÃ¼pÃ¼rgedeki kaliteye bakÄ±p ta aspiratÃ¶r alÄ±nca bÃ¶yle oldu . almanÄ±zÄ± kesinlikle tavsiye etmem .",0,"anormal, var, iyi, ta, bÃ¶yle, kesin",0.7277777777777779,1,False
plastik yazÄ±yor ama plastik deÄŸil sanÄ±rÄ±m deÄŸil mi her yer de Ã§elik yazÄ±yor siz de plastik aldÄ±m ama ÅŸÃ¼pheye dÃ¼ÅŸtÃ¼m,0,,0.0,-1,False
"istediÄŸiniz her ÅŸeyi yapabiliyor ister Ã§Ä±rpÄ±nÄ±z ister doÄŸrayÄ±n , sesi rahatsÄ±z edecek kadar Ã§ok deÄŸil diÄŸer blendirlara gÃ¶re ve pratik kullanÄ±ÅŸlÄ± olmasÄ±nÄ± seviyorum . keklerim sayesinde daha fazla kabarmaya baÅŸladÄ±",1,"Ã§ok, diÄŸer, daha, fazla",1.4944444444444442,1,True
Ã¼rÃ¼n gÃ¼zel sessiz Ã§alÄ±ÅŸÄ±yor .,1,gÃ¼zel,0.425,1,True
dik sÃ¼pÃ¼rge den aldÄ±m 1 aya kalmadan normal sÃ¼pÃ¼rge aldÄ±m 1 yÄ±la kalmadan Ã§ekiÅŸ gÃ¼cÃ¼ yok seviyesine geldi filtresini temizleyince o gÃ¼n iyi Ã§ekiyor sonra yine Ã§ekmiyor yÄ±ldÄ±rdÄ± beni resmen hiÃ§ tavsiye etmiyorum,1,"dik, normal, yok, iyi, sonra, yine, resmen, hiÃ§",-1.254664570230608,0,False
iÅŸletim sistemini kurup gÃ¼ncellemeleri aldÄ±ÄŸÄ±mda bozuldu .,0,,0.0,-1,False
Ä±zgarayÄ± eziyete dÃ¶nÃ¼ÅŸtÃ¼rmek istiyorsanÄ±z alÄ±n,0,,0.0,-1,False
ilgisiz satÄ±cÄ± kargo bÃ¼yÃ¼k ihtimalle telefonla dahi bilgi alamadÄ±gio kendisine geri dÃ¶ndÃ¼ Ã¼rÃ¼nÃ¼ teslim alamadan sipariÅŸ tamamlandÄ± .,0,"bÃ¼yÃ¼k, geri",0.12777777777777777,1,False
ertesi gÃ¼n geldi hÄ±zlÄ± kargo gÃ¼zel Ã¼rÃ¼n,1,"ertesi, gÃ¼zel",0.45,1,True
davlumbazÄ± mÄ± 15.01.2018 tarihinde asÄ±l ev aletleri sitesinden aldÄ±m . herkes gibi araÅŸtÄ±rma ve inceleme sonucunda . muadillerine gÃ¶re en ucuzu ve program Ã¶zellikleri en iyi olanÄ± . Ã§ekme gÃ¼cÃ¼ Ã§ok iyi ( mutfaÄŸÄ±m 11m2 ) gÃ¶rÃ¼ntÃ¼sÃ¼ ve her ÅŸeyden Ã¶nemlisi Ã§alÄ±ÅŸÄ±rken Ã§Ä±kardÄ±ÄŸÄ± ses makul Ã¶lÃ§Ã¼lerde . normalde tercih etmediÄŸim bir markaydÄ± ama aldÄ±m memnun kaldÄ±m . beyaz eÅŸya ve elektronik aletler ÅŸans iÅŸidir . almayÄ± dÃ¼ÅŸÃ¼nenlere iyi niyetlerimle tavsiye ederim .,0,"asÄ±l, muadil, en, ucuz, en, iyi, Ã§ok, iyi, makul, memnun, beyaz, elektronik, iyi",2.725,1,False
tasarÄ±mÄ± gÃ¼zel ama 5 para etmez,0,gÃ¼zel,0.425,1,False
olumlu yÃ¶nleri : kÄ±sa sÃ¼rede doÄŸrayÄ±veriyor olumsuz yÃ¶nleri : baÅŸlÄ±k sÃ¼rahiye zor yerleÅŸiyor,1,"olumlu, kÄ±sa, olumsuz, zor",-0.3905660377358491,0,False
olumlu yÃ¶nleri : telefon tam anlamÄ±yla sÄ±fÄ±r kalitesinde . teÅŸekkÃ¼rler olumsuz yÃ¶nleri : kutu iÃ§inde ÅŸarj cihazÄ± mevcut . yanÄ±nda bir de kulaklÄ±k olsaymÄ±ÅŸ mÃ¼kemmel olurdu dÃ¼ .,1,"olumlu, tam, olumsuz, mÃ¼kemmel",-0.1202306079664571,0,False
tam 14 gÃ¼n sonra geldi,0,"tam, sonra",0.1388888888888889,1,False
4 aydÄ±r sorunsuz kullanÄ±yorum,1,,0.0,-1,False
derin dondurucu fotoÄŸraflarÄ±nda buz kalÄ±plarÄ± gÃ¶rÃ¼nÃ¼yor kurulum yapÄ±ldÄ± buz dondurma kalÄ±bÄ± iÃ§in herhangi bir malzeme Ã§Ä±kmadÄ± uÄŸur biraz sanki malzemeden Ã§almÄ±ÅŸ diÄŸer firmalarÄ±n dondurucularÄ±nda kapÄ± bÃ¶lÃ¼mÃ¼nde kalÄ±plar var kaliteyi ucuza vermek iÃ§in malzeme eksildirmeye gerek yok,0,"derin, herhangi, biraz, sanki, diÄŸer, var, ucuz, yok",-1.0168763102725367,0,True
trust marka eski optik Museum koltuk Ã¼zerinde daha iyi yanÄ±t veriyordu . bu hep takÄ±lÄ±yor . aldÄ±ÄŸÄ±ma Ã§ok piÅŸman oldum 7 tl lÄ±k Ã§in mouselerinden hiÃ§ farkÄ± yok . iyi yorumlarÄ±n hepsi masa Ã¼zeri kullanÄ±yorlar heralde :(,0,"eski, daha, iyi, hep, Ã§ok, piÅŸman, hiÃ§, yok, iyi",0.04292452830188698,1,False
sorunsuz elime ulaÅŸtÄ± ve Ã¼rÃ¼n kalitesi Ã§ok gÃ¼zel,1,"Ã§ok, gÃ¼zel",1.425,1,True
evet Ã§ok gÃ¼zel beÄŸendim teÅŸekkÃ¼rler,1,"evet, Ã§ok, gÃ¼zel",1.4583333333333335,1,True
idare eder,0,,0.0,-1,False
hÄ±zlÄ± ÅŸarj etmiyor ilk geldiÄŸinde kapak tÄ±rnaklarÄ± oturmamÄ±ÅŸ ben bastÄ±rarak oturdurdum iade etmeyi dÃ¼ÅŸÃ¼ndÃ¼m teferruat Ã§ok ayrÄ±ca baÅŸka sitede daha ucuzu var hÄ±zlÄ± ÅŸarj eden .,0,"ilk, Ã§ok, ayrÄ±ca, baÅŸka, daha, ucuz, var",1.738888888888889,1,False
fiyatÄ± da kullanÄ±ÅŸÄ± da Ã§ok iyi,1,"Ã§ok, iyi",1.4,1,True
beÄŸendim,1,,0.0,-1,False
Ã¼rÃ¼nÃ¼ aldÄ±ÄŸÄ±ma piÅŸman oldum aÃ§Ä±kÃ§asÄ± en bÃ¼yÃ¼k gÃ¶z tam anlamÄ±yla yanmÄ±yor diÄŸerlerindede ara ara aynÄ± sorun var orta gÃ¶z kendi kendine gazÄ± kesiyor hiÃ§ memnun kalmadÄ±m tavsiye etmem,0,"piÅŸman, aÃ§Ä±kÃ§asÄ±, en, bÃ¼yÃ¼k, tam, aynÄ±, var, hiÃ§, memnun",-0.3077568134171907,0,True
"Ã§ekiÅŸ , emiÅŸ , hiÃ§ bir ÅŸey yok . bir motor Ã§alÄ±ÅŸÄ±yor ama . hiÃ§bir iÅŸlevi yok . bu ne biÃ§im iÅŸ",0,"hiÃ§, yok, yok, ne",-2.712997903563941,0,True
"artÄ±k alÄ±ÅŸveriÅŸleri teknosadan yapmayÄ± dÃ¼ÅŸÃ¼nÃ¼yorum . mÃ¼ÅŸteri gÃ¼ven ister , o da teknosada var . mÃ¼ÅŸteri ile iliÅŸkileri yerinde . baÅŸka yerden aldÄ±ÄŸÄ±m cihazÄ±m 4 aydÄ±r teknik serviste olduÄŸunu sÃ¶yledim . . teknosa gÃ¶revlisi ise buradan aldÄ±ÄŸÄ±n Ã¼rÃ¼n serviste 20 gÃ¼nÃ¼ geÃ§erse gel Ã¼cretini ben vereyim dedi . benimde aradÄ±ÄŸÄ±m gÃ¼ven buydu ... bÃ¶yle olunca samsung g610 j7 primeyi gÃ¼venle almayÄ± dÃ¼ÅŸÃ¼nÃ¼yorum .",1,"artÄ±k, baÅŸka, teknik, ise, bÃ¶yle",0.10833333333333334,1,True
markalÄ± diye tercih ettim ama kÃ¶tÃ¼ . alÄ±nmaz .,0,kÃ¶tÃ¼,-0.3584905660377359,0,True
"menteÅŸe kÄ±rÄ±ldÄ± , ÅŸarj makinasÄ± bozuldu ve en kÃ¶tÃ¼sÃ¼nÃ¼ de plastik malzeme hamur gibi esniyor ... ilÃ§elerde Ã¶zellikle servis sÄ±kÄ±ntÄ± oluyor . iÅŸlemciden dolayÄ± aÅŸÄ±rÄ± Ä±sÄ±nma ve bunu hissediliyor . fan tek olduÄŸundan yetersiz geliyor ! ! ! bu devirde tek fan mÄ± kaldÄ± kmde amd iÅŸlemci ! ! !",0,"en, kÃ¶tÃ¼, hamur, Ã¶zellikle, aÅŸÄ±rÄ±, tek, yetersiz, tek",-0.11734800838574425,0,True
Ã¼rÃ¼nÃ¼ burdaki yorumlara istinaden aldÄ±m hepsi burada farkÄ±yla bir gÃ¼nde geldi . ama Ã¼Ã§Ã¼ncÃ¼ kullanmada Ã¼st gÃ¶vde hamuru yoÄŸururken alt gÃ¶vdeden ayrÄ±ldÄ± ve makina kendisini durdurdu . . 15 gÃ¼n oldu alalÄ± ÅŸimdi tamire gidecek maalesef,0,"ÅŸimdi, maalesef",-0.08432914046121591,0,True
"tavsiye etmiyorum demlik kÄ±smÄ±nda Ã§ok delik var , sÃ¼zgeÃ§ taksanda Ã§ok bir iÅŸe yaramÄ±yor . bazen kaynasa bile dÃ¼ÄŸme kendiliÄŸinden atmÄ±yor .",0,"var, Ã§ok, bazen, bile, kendiliÄŸinden",0.8486897274633124,1,False
gÃ¼zel paketleme . Ã¼rÃ¼nde hata yok . tavsiye ederim .,1,"gÃ¼zel, yok",-0.575,0,False
alalÄ± tam 1 yÄ±l oldu . 1089 liraya almÄ±ÅŸtÄ±m . tabi kimse de bu tlf yok tereddÃ¼t ederek aldÄ±m birazda . iyi ki de almÄ±ÅŸÄ±m . kasma donma yavaÅŸlama yok . kullanÄ±mÄ± kolay . Ã§oÄŸu 2000-3000tl lÄ±k marka tlf tarla baÅŸa baÅŸ kapÄ±ÅŸÄ±r . hatta Hatti'si daha fazla . mÄ± 9 gÃ¼ncellemesiyle tlf resmen level atladÄ± . alacaklara tavsiyem gÃ¼zel tlf ÅŸÃ¼pheniz olmasÄ±n bizi yarÄ± yolda bÄ±rakacak diye falan al kullan keyfine bak .,1,"tam, tÃ¢bi, yok, biraz, iyi, yok, kolay, Ã§oÄŸu, daha, fazla, resmen, gÃ¼zel",-0.877987421383648,0,False
inanÄ±lmaz sesli Ã§alÄ±ÅŸÄ±yor,0,,0.0,-1,False
"Ã¼rÃ¼n saÄŸlam , teslimat hÄ±zlÄ±",1,saÄŸlam,0.06388888888888888,1,True
kargo iÅŸlemi daha hÄ±zlÄ± olsaydÄ± mÃ¼kemmel olurdu,1,"daha, mÃ¼kemmel",0.39166666666666666,1,True
gÃ¼zel ama aÄŸzÄ± biraz dar ve akÄ±tÄ±yor,1,"gÃ¼zel, biraz",0.11367924528301881,1,True
henÃ¼z kullanmadÄ±m Ã§eyizim iÃ§in aldÄ±m ama gÃ¼zel gÃ¶rÃ¼nÃ¼yor yorumlarda iyiydi,1,"henÃ¼z, gÃ¼zel, iyi",0.7400943396226416,1,True
"olumlu yÃ¶nleri : gayet kaliteli ve gÃ¼zel , bu fiyata en gÃ¼zel Ã¼rÃ¼n diyebilirim",1,"olumlu, gayet, gÃ¼zel, en, gÃ¼zel",1.2111111111111112,1,True
berbat Ã¶tesi bir fÄ±rÄ±n yeni evlendim aldÄ±m Ã§ok ÅŸÄ±k duruyordu e marka gÃ¼zel gÃ¼venerek aldÄ±m piÅŸman oldum zÄ±rt pÄ±rt duruyor Ã§ok Ã§ok geÃ§ piÅŸiriyor illallah ettik eÅŸimle ben . ÅŸu an bende elden Ã§Ä±karÄ±yorum bir siteye koydum yerinede termikel sÃ¼per Ã¶tesi fÄ±rÄ±nÄ± aldÄ± canÄ±m annem ve babam allah razÄ± olsun onlardan ve bu fÄ±rÄ±nÄ± yapanlardan . iÅŸte bu dedirtti bize canavar resmen canavar ğŸ˜ğŸ˜ğŸ˜,0,"berbat, yeni, Ã§ok, ÅŸÄ±k, gÃ¼zel, piÅŸman, Ã§ok, Ã§ok, geÃ§, sÃ¼per, razÄ±, iÅŸte, resmen, canavar",3.0816037735849053,1,False
berbat,0,berbat,-0.17924528301886788,0,True
artÄ±k eskisi gibi Ã§ekmiyor o konuda sÄ±kÄ±ntÄ± yaÅŸadÄ±m ona da baktÄ±racaÄŸÄ±m onun dÄ±ÅŸÄ±nda Ã§ok gÃ¼zel ve kaliteli bir Ã¼rÃ¼n Ä±ÅŸÄ±klÄ± olmasÄ± Ã§ok gÃ¼zel bir Ã¶zellik tozlar yerdekiler Ã§ok iyi gÃ¶rÃ¼nÃ¼yor Ã§ekim gÃ¼cÃ¼ de Ã§ok iyi ben beÄŸendim,1,"artÄ±k, eski, Ã§ok, gÃ¼zel, Ã§ok, gÃ¼zel, Ã§ok, iyi, Ã§ok, iyi",5.559014675052412,1,True
"siyah renk davlumbaz bacasÄ± Ã§izik geldi . siyah renk Ã¼zerinde beyaz Ã§izik net ÅŸekilde belli oluyor bu yÃ¼zden bacasÄ±z kullanÄ±yorum . maÄŸaza ile birkaÃ§ kez iletiÅŸim kurdum , fabrikadan gÃ¶nderileceÄŸini sÃ¶ylediler ama hiÃ§ gelmedi . 1 ayÄ± aÅŸkÄ±n sÃ¼redir arayan soran da yok . kÄ±sacasÄ± ne yazÄ±k ki ilgisiz maÄŸaza .",0,"siyah, siyah, beyaz, belli, hiÃ§, yok, kÄ±sacasÄ±, ne",-1.6629979035639415,0,True
Ã¼rÃ¼n gÃ¼zel teÅŸekkÃ¼r ederim,1,gÃ¼zel,0.425,1,True
"maalesef , Ä±zgara gÃ¼zel ama temizlenmesi Ã§ok zor vidalÄ± mekanizma",0,"maalesef, gÃ¼zel, Ã§ok, zor",1.1231132075471697,1,False
Ã¼rÃ¼n arÄ±zalÄ± geldi asus teknik servisi ile Ã§Ã¶zdÃ¼m . satÄ±cÄ± bu konuda kesinlikle yardÄ±mcÄ± olmuyor bilginize .,0,kesin,0.11666666666666667,1,False
"sinbo Ã¼rÃ¼nleri genelde en kalite olmasa da fiyat performans Ã¼rÃ¼nleridir . sinbonun saÃ§ kurutma makinasÄ±nÄ± , katilini , yumurta makinasÄ±nÄ± yÄ±llarca kullandÄ±m ama bu Ã¼rÃ¼n olmamÄ±ÅŸ , bÄ±Ã§ak yapÄ±sÄ± mÄ± , ÅŸiÅŸe yapÄ±sÄ±ndan mÄ± , motor gÃ¼cÃ¼nden mi anlamadÄ±m parÃ§alanmayan kÄ±sÄ±mlar kalÄ±yor , alttan sÄ±vÄ± akÄ±yor , ÅŸiÅŸeler bildiÄŸin kÃ¶tÃ¼ malzeme . sinbo bu makinayÄ± bu ÅŸekilde piyasada tutarsa markasÄ±na Ã§ok zarar verir . hepsiburada sayÄ±cÄ±larÄ±na da bu modeli satÄ±p insanlarÄ± maÄŸdur etmemeye Ã§aÄŸÄ±rÄ±yorum . .",0,"genelde, en, yÄ±llarca, kÃ¶tÃ¼, Ã§ok, maÄŸdur",0.7270964360587001,1,False
aktarÄ±mÄ± Ã§ok yavaÅŸ,0,"Ã§ok, yavaÅŸ",0.9245283018867925,1,False
"kutu iÃ§eriÄŸinde yÄ±kama aparatÄ± olmamasÄ± Ã§ok kÃ¶tÃ¼ , ekstra para ile satÄ±lmasÄ± Ã§ok saÃ§ma . tÄ±pa olmadan yÄ±kadÄ±ktan sonra dalgÄ±nlÄ±kla Ä±slak kullanarak can gÃ¼venliÄŸini tehlikeye atabilirsiniz .",0,"Ã§ok, kÃ¶tÃ¼, ekstra, Ã§ok, dalgÄ±nlÄ±kla, Ä±slak",1.6226415094339621,1,False
Ã§ok baÅŸarÄ±lÄ± ve gÃ¼Ã§lÃ¼ bulduÄŸum bir blender . 1000w Ã§ok gÃ¼Ã§lÃ¼ parÃ§alÄ±yor herÅŸeyi Ã§orbada Ã§ok kullanÄ±yorum Ã¶zellikle .,1,"Ã§ok, Ã§ok, Ã§ok, Ã¶zellikle",3.0277777777777777,1,True
hÄ±zlÄ± kargo gÃ¼zel Ã¼rÃ¼n,1,gÃ¼zel,0.425,1,True
"gÃ¼zel Ã¼rÃ¼n , keÅŸke gri metal renkli olsaydÄ± sapÄ± daha gÃ¼zel olurdu , siyah Ã§Ä±ktÄ± , bundan hariÃ§ Ã¼rÃ¼n gÃ¼zel . teÅŸekkÃ¼rler",1,"gÃ¼zel, keÅŸke, gri, daha, gÃ¼zel, siyah, gÃ¼zel",1.6472222222222221,1,True
"ofiste kullanmak iÃ§in aldÄ±m Ã§ok kaliteli bir Ã¼rÃ¼n , artÄ±k soÄŸuk yemek yemiyoruz",1,"Ã§ok, artÄ±k, soÄŸuk",1.012788259958071,1,True
Ã§ayÄ± gayet gÃ¼zel demliyor . hiÃ§ dÃ¼ÅŸÃ¼nmeden alÄ±n,1,"gayet, gÃ¼zel, hiÃ§",-0.1963312368972746,0,False
sÃ¼per bir Ã¼rÃ¼n bayÄ±lÄ±yorum,1,sÃ¼per,0.03611111111111111,1,True
"fiyat / performans iyi ,",1,iyi,0.4,1,True
"orta boyutta , kullanÄ±ÅŸlÄ± ve ÅŸÄ±k bir tost makinesi",1,,0.0,-1,False
oldukÃ§a faydalÄ± bir Ã¼rÃ¼n,1,oldukÃ§a,0.027777777777777776,1,True
almayÄ±n dayanaklÄ± bir Ã¼rÃ¼n deÄŸil boyasÄ± atÄ±yor arÄ±zalanÄ±yor,0,,0.0,-1,False
Ã¼rÃ¼nÃ¼n gÃ¶rseli gÃ¼zel ama kendisi bu parayÄ± hak etmiyor . dÃ¼ÄŸmeler Ã§ok ucuz plastik ve Ã§alÄ±ÅŸma performansÄ± vasat aldÄ±ÄŸÄ±ma piÅŸman oldum baÅŸkasÄ±na verdim kullanamadÄ±ÄŸÄ±m iÃ§in,0,"gÃ¼zel, Ã§ok, ucuz, piÅŸman, baÅŸka",1.2691299790356396,1,False
"Ã¼rÃ¼n 7 yÄ±l garantili yazÄ±yordu aldÄ±m 3 yÄ±l garantili geldi , Ã¼rÃ¼n yanÄ±nda Ã§atal bÄ±Ã§ak takÄ±mÄ± hediye yazÄ±yordu gÃ¶ndermediler . Ã¼rÃ¼n teslimatÄ± sÄ±rasÄ±nda bu eksikliklerin sonra 1 hafta iÃ§erisinde giderileceÄŸini sÃ¶ylediler ama yapmadÄ±lar . . haram zÄ±kkÄ±m olsun . . bÃ¶yle bir esnaflÄ±k olmaz . .",0,bÃ¶yle,0.04722222222222222,1,False
Ã¼rÃ¼nÃ¼ 2016 temmuzda aldÄ±m . 3 ay iÃ§inde panelde gÃ¶lgelenme meydana geldi . kimseye Ã¶nermiyorum .,0,,0.0,-1,False
kullanÄ±ÅŸlÄ± baya,1,,0.0,-1,False
olumlu yÃ¶nleri : ben ilk defa bu kadar sessiz bir sÃ¼pÃ¼rge gÃ¶rdÃ¼m . . gece 12 de kalk ev sÃ¼pÃ¼rsene yan odadaki bile duymaz . . Ã§ekiÅŸimde gayet iyi . . olmuÅŸken iyisi olsun dedik . . parasÄ±na deÄŸer,1,"olumlu, ilk, bile, gayet, iyi, iyi",0.8098008385744235,1,True
Ã¼rÃ¼nÃ¼ aldÄ±k kurduk Ã§alÄ±ÅŸtÄ±rdÄ±k . hem fiyatÄ± hem de kalitesinden memnun kaldÄ±k . kargonun nerde olduÄŸu bilgileri bize verdiler .,1,memnun,0.23055555555555557,1,True
kargo geÃ§ geldi . daÄŸÄ±tÄ±cÄ± firmanÄ±n bir sorunuydu . onun dÄ±ÅŸÄ±nda bir problem yoktu . Ã¼rÃ¼n gÃ¼zel,1,"geÃ§, yok, gÃ¼zel",-0.6221698113207548,0,False
"olumlu yÃ¶nleri : telefonu zaten Ã§ok araÅŸtÄ±rarak almÄ±ÅŸtÄ±m , yanÄ±ltmadÄ± beni . . herkesin telefondan beklentisi farklÄ±dÄ±r , benim beklentimi fazlasÄ±yla karÅŸÄ±ladÄ± . . ayrÄ±ca Ã¼rÃ¼n o kadar korumalÄ± bir ÅŸekilde geldi ki ÅŸaÅŸÄ±rmadÄ±m desem yalan olurğŸ˜‰satÄ±cÄ±ya ve siteye teÅŸekkÃ¼r ederim . .",1,"olumlu, zaten, Ã§ok, fazlasÄ±yla, ayrÄ±ca",1.211111111111111,1,True
arkadaÅŸlar Ã¼rÃ¼n Ã§ok gÃ¼zel ve de sessiz Ã§alÄ±ÅŸÄ±yor . kargo hÄ±zlÄ±ydÄ± fakat ben kargoyu takip edemedim ( ceva lojistik ) . onun dÄ±ÅŸÄ±nda bir sÄ±kÄ±ntÄ± yok . maÄŸaza da gÃ¼venilir bu arada,1,"Ã§ok, gÃ¼zel, yok",0.42500000000000004,1,True
"kesinlikle Ã§ok kullanÄ±ÅŸlÄ± . pahalÄ± markalara hiÃ§ gerek yok gayet gÃ¼zel iÅŸ gÃ¶rÃ¼yor , kÄ±sa sÃ¼rede kÃ¶pÃ¼klÃ¼ kahve piÅŸirebilirsiniz . yÄ±kamasÄ± da kolay .",1,"kesinlikle, Ã§ok, pahalÄ±, hiÃ§, yok, gayet, gÃ¼zel, kÄ±sa, kolay",-0.19229559748427671,0,False
arzum rondoyu cam hazinesinden dolayÄ± beÄŸenerek aldÄ±m . aldÄ±ÄŸÄ±m gÃ¼nden beri sÄ±kÄ±ntÄ±lÄ± Ã§alÄ±ÅŸÄ±yordu . 7 ay oldu arÄ±zalandÄ± sonunda . servise gÃ¶nderdik kullanÄ±cÄ± hatasÄ± dediler 70 tl Ã¼cret karÅŸÄ±lÄ±ÄŸÄ±nda yapacaklarÄ±nÄ± bildirdiler . plastik aksanÄ± bozulmuÅŸ . Ã¼rÃ¼nÃ¼n kendisini 110 tl aldÄ±m zaten . bir daha bu markadan bir ÅŸey almam kimseye de tavsiye etmem,0,"sonunda, zaten, daha",0.4083333333333333,1,False
Ã¼rÃ¼nÃ¼ alalÄ± tam iki yÄ±l oldu ... hiÃ§ bir sÄ±kÄ±ntÄ±sÄ± yok tavsiye ederim hem ucuz hem kaliteli ... tekrar teÅŸekkÃ¼rler ...,1,"tam, hiÃ§, yok, ucuz",-1.6935534591194967,0,False
aldÄ±k bakalÄ±m nasÄ±l olacak daha kullanmadÄ±m . kurulum falan iyi .,1,"nasÄ±l, daha, iyi",0.8055555555555556,1,True
"kayÄ±nvalideme hediye olarak aldÄ±m , memnun kaldÄ±",1,memnun,0.23055555555555557,1,True
kurulum iÃ§in verdiÄŸiniz 444 numarayÄ± aradÄ±k ama dÃ¶nÃ¼ÅŸ yapÄ±lmadÄ± yardÄ±mcÄ± olur musunuz,0,,0.0,-1,False
firma farklÄ± Ã¼rÃ¼n gÃ¶nderdi . eksi not ... .,0,eksi,0.0,-1,False
touchpedi 3 metreden bile Ã§alÄ±ÅŸmÄ±yor verdiÄŸim paraya yazÄ±k oldu . hÄ±zlÄ± kargo ve paketlemesi saÄŸlamdÄ±,0,"bile, saÄŸlam",-0.25686582809224323,0,True
fazlasÄ± var eksiÄŸi yok kesinlikle Ã§ok iyi,1,"fazla, var, yok, kesin, Ã§ok, iyi",0.7666666666666667,1,True
Ã¼rÃ¼n Ã§ok kÃ¶tÃ¼ . kargo iÅŸi bir felaket hiÃ§ bulaÅŸmayÄ±n . 15 gÃ¼nde zor geldi . davlumbaz kumandalÄ± deÄŸil ama iÃ§inden kumanda Ã§Ä±ktÄ± .,0,"Ã§ok, kÃ¶tÃ¼, hiÃ§, zor",-0.35849056603773577,0,True
oradan buradan Ã§Ä±kan Ã¼rÃ¼nÃ¼ geliÅŸi gÃ¼zel kutulayÄ±p gÃ¶ndermiÅŸler,0,gÃ¼zel,0.425,1,False
Ã¼rÃ¼n 2 lt kapasitesiyle bir aileye fazlasÄ±yla yetiyor Ã§ok pratik ve kullanÄ±ÅŸlÄ± bence Ã§ok para vermeye gerek yok zaten bu Ã¼rÃ¼nler Ã¶mÃ¼rlÃ¼k olmuyor kÄ±zgÄ±n yaÄŸa maruz kaldÄ±ÄŸÄ± iÃ§in bir sÃ¼re sonra kirlenmeye ve koku yapmaya baÅŸlÄ±yor 2 yÄ±l beni gÃ¶tÃ¼rse yeter tefal de alsam deÄŸiÅŸmeyecek bence fiyatÄ±yla Ã¶ne Ã§Ä±kan bu Ã¼rÃ¼n herkeste olmasÄ± gereken bir malzeme,1,"fazlasÄ±yla, Ã§ok, Ã§ok, yok, zaten, kÄ±zgÄ±n, maruz, sonra",1.1266771488469602,1,True
bayÄ±ldÄ±m !,1,,0.0,-1,False
"pratik hÄ±zlÄ± , keyifle kullanÄ±yorum",1,,0.0,-1,False
henÃ¼z belli deÄŸil kargo aÅŸamasÄ±nÄ± beÄŸenmedim,0,"henÃ¼z, belli",-0.06546121593291403,0,True
teÅŸekkÃ¼r ederim gÃ¼zel bir Ã¼rÃ¼n . hÄ±zlÄ± kargo tavsiye ederim . .,1,gÃ¼zel,0.425,1,True
arÃ§elik marka tiryaki Ã§ay makinasÄ± ( k 3282 in Knox 1850 - 2200 w ) modelini aldÄ±m . Ã§aycÄ± ( 6 yÄ±l ) kullandÄ±k ÅŸimdi arÄ±za yaptÄ± . arÃ§elik yetkili servisinde yedek parÃ§a yok . normalde bu tÃ¼r Ã¼rÃ¼nlerin en ( 7 ile 10 yÄ±l ) parÃ§a bulundurma zorunluluÄŸu vardÄ±r . ama parÃ§a yok Ã¼rÃ¼n Ã§Ã¶pe atÄ±lacak . bundan Ã¶nce yine arÃ§elik marka Ã§aycÄ± kullandÄ±m yine aynÄ± sorun . bu nedenle maÄŸdur oldum . sizde aynÄ± sorunu yaÅŸamayÄ±n .,0,"ÅŸimdi, yetkili, yok, en, zorunlu, var, yok, yine, yine, aynÄ±, maÄŸdur, aynÄ±",-1.5144129979035637,0,True
ses olayÄ± sÃ¼per ... . gece Ã§alÄ±ÅŸtÄ±r sÄ±kÄ±ntÄ± yok ... . . kablo uzun iÅŸinizi Ã§ok rahat ettirir ... . . Ã§ekme olayÄ± son derece gÃ¼zel iÃ§iniz rahat olsun ... ... diÄŸerlerini saymÄ±yorum bile ... . .,1,"sÃ¼per, yok, uzun, Ã§ok, rahat, son, gÃ¼zel, rahat, diÄŸer, bile",0.32368972746331237,1,True
Ã¼rÃ¼ne diyecek Ã§ok hepsiburadaya hÄ±zlÄ± teslimat iÃ§in teÅŸekkÃ¼r Ã§ok ? ?,1,"Ã§ok, Ã§ok",2.0,1,True
fiyat performans bakÄ±mÄ±ndan dÃ¼ÅŸÃ¼k bir Ã¼rÃ¼n Xiaomi mÄ± bandÄ± varken para verilmez kalp Ã¶lÃ§Ã¼mÃ¼ adÄ±msayarÄ± verimsiz,0,"dÃ¼ÅŸÃ¼k, var",0.07620545073375265,1,False
"sorunsuz , kaliteli . Ã§eyiz iÃ§in almÄ±ÅŸtÄ±m . hala kullanÄ±yorum Ã§ok beÄŸendim .",1,"hÃ¢lÃ¢, Ã§ok",0.8679245283018868,1,True
"piÅŸirme kalitesi ve verdiÄŸi iÅŸi kÃ¶tÃ¼ . kek yaptÄ±m kabarmadÄ± , poÅŸette tavuk yaptÄ±m 1 saatte bile piÅŸmedi , biraz daha pahalÄ± modellere bakmak daha mantÄ±klÄ± , tavsiye etmiyorum .",0,"kÃ¶tÃ¼, bile, biraz, daha, pahalÄ±, daha",-0.4226415094339624,0,True
bence bu tarz Ã¼tÃ¼ makineleri iÃ§in Ã§ok para vermeye gerek yok ben aldÄ±m ve Ã§atÄ±r Ã§atÄ±r Ã¼tÃ¼ yapÄ±lÄ±yor ayrÄ±ca unutmayÄ±n 2 metreye yakÄ±n kablosu mevcut hiÃ§ dÃ¼ÅŸÃ¼nmeden alÄ±n derim ... .,1,"Ã§ok, yok, ayrÄ±ca, yakÄ±n, hiÃ§",-0.7074423480083857,0,False
Ã§ok gÃ¼zel .,1,"Ã§ok, gÃ¼zel",1.425,1,True
"makine resmen yamulmuÅŸ . ya kargo ya da servisten kaynaklÄ± ÅŸase kaymÄ±ÅŸ . maÄŸazaya bildirmeme ve fotoÄŸraf gÃ¶ndermeme raÄŸmen kapaÄŸÄ±n aÃ§Ä±lmasÄ± iÃ§in Ã¶yle boÅŸluklarÄ±n olmasÄ± gerek dendi . ama makinenin gÃ¶vdesi sola , alt tarafÄ± da saÄŸa kaymÄ±ÅŸ . yarÄ±n servis gelip bakacak . bir daha yerli firmadan beyaz eÅŸya mÄ± ? hayÄ±r .",0,"resmen, Ã¶yle, daha, yerli, beyaz",0.4222222222222222,1,False
bir tane soÄŸan Ã§ektim ikinciyi Ã§ekemeden ikiye bÃ¶lÃ¼p koyduÄŸum halde bÄ±Ã§aÄŸÄ± yuvasÄ±ndan Ã§Ä±ktÄ± ve ipi yerine oturmuyor Tefal'ken bu kadar kalitesiz bir Ã¼rÃ¼n beklemezdim . resmen elimde kaldÄ±,0,resmen,0.013888888888888888,1,False
Ã¼rÃ¼n beklentimizi karÅŸÄ±lÄ±yor,1,,0.0,-1,False
hayÄ±r beÄŸenmedim yazÄ±lan emiÅŸ gÃ¼cÃ¼ ile alakasÄ± yok,0,yok,-1.0,0,True
Ã¼rÃ¼nÃ¼ alalÄ± Ã§ok oldu . bir iki kere Ã§orba yapmaya kalktÄ±m . Ã¼rÃ¼nle beraber gelen bir Ã§orba tarifleri kitapÃ§Ä±ÄŸÄ± var ordaki tariflere uyarak yaptÄ±m . balÄ±k Ã§orbasÄ± ve mercimek Ã§orbasÄ± denedim . kitapÃ§Ä±kta yazÄ±lÄ± tariflerle Ã§orba yapmak pek mÃ¼mkÃ¼n deÄŸil . balÄ±k Ã§orbasÄ± Ã§iÄŸ kaldÄ± mercimek Ã§orbasÄ± bir ÅŸeye benzemedi . doÄŸrama veya karÄ±ÅŸtÄ±rma Ã¶zelliÄŸi iyi kullanÄ±labilir . parÃ§alarÄ± kolaylÄ±kla sÃ¶kÃ¼lÃ¼p makinada yÄ±kanabiliyor . ama adÄ± Ã§orbacÄ± olan bir Ã¼rÃ¼ne Ã§orba yapamamak Ã¼zÃ¼cÃ¼ . kitapÃ§Ä±ktaki tariflere uymadan kendi bildiÄŸinizi okursanÄ±z daha iyi olur diye dÃ¼ÅŸÃ¼nÃ¼yorum . evinizde mutfak robotunuz varsa almayÄ±n .,0,"Ã§ok, var, yazÄ±lÄ±, pek, mÃ¼mkÃ¼n, Ã§iÄŸ, iyi, kolay, daha, iyi",2.4144654088050315,1,False
Ã¼rÃ¼n gÃ¼zel tavsiye ederim,1,gÃ¼zel,0.425,1,True
olumsuz yÃ¶nleri : ilk kullanÄ±mda elektrik kablosunun girdiÄŸi yerden su akÄ±tmaya baÅŸladÄ± . Ã¼rÃ¼ne onay vermiÅŸ bulunduÄŸum ve faturayÄ± kaybettiÄŸim iÃ§in iade almadÄ±lar . deÄŸiÅŸim de yapamayÄ±z dediler . alÄ±r almaz hiÃ§ kullanmadan servise gÃ¶tÃ¼receÄŸim . uzak durun derim . Ã¼Ã§ kuruÅŸ fazla verip doÄŸru dÃ¼rÃ¼st bir Ã¼tÃ¼ alÄ±n .,0,"olumsuz, ilk, hiÃ§, uzak, fazla, doÄŸru, dÃ¼rÃ¼st",-0.9553983228511532,0,True
lanet olsun bir aldÄ±m 3 gÃ¼n sonra camÄ± Ã§atladÄ± servise gÃ¶nderdim 2 ay oldu 10 gÃ¼n Ã¶nce tlf ettiler gecikmeden 0 kutu gÃ¶nderecek diye tamam dedim ÅŸimdi aramÄ±ÅŸlar telefonu tamir edip gÃ¶nderecek la birde 300 tl para gÃ¶nderdim ne para var ne telefon gelince kullanÄ±labilir olacak mÄ± kimbilir kÃ¶pekler gibi piÅŸmanÄ±m gidin iyi bir marka alÄ±n kardeÅŸler bende tlf beklemeye devam birde hediye aldÄ±m rezil oldum ...,0,"lanet, sonra, Ã¶nce, tamam, ÅŸimdi, ne, var, ne, piÅŸman, iyi, rezil",0.704140461215933,1,False
eÅŸime aldÄ±m . kazanlÄ± Ã¼tÃ¼ istiyordu . herkesin beklentileri farklÄ± olabilir ama bence 10 numara . fiyatÄ± da araÅŸtÄ±rdÄ±ÄŸÄ±m kadarÄ±yla en iyisi . diÄŸer satÄ±ÅŸ yerlerinde 1200-1500 civarÄ±nda dolaÅŸÄ±yor . . ben aldÄ±ÄŸÄ±mda 1099 dÃ¼ .,1,"en, iyi, diÄŸer",0.5694444444444445,1,True
Ã¼rÃ¼nÃ¼n motor gÃ¼cÃ¼ ( dolayÄ±sÄ±yla emiÅŸ gÃ¼cÃ¼ ) Ã§ok zayÄ±f . sadece toz zerreciklerini emebiliyor . memnun kalmadÄ±m .,0,"dolayÄ±sÄ±yla, Ã§ok, zayÄ±f, sadece, toz, memnun",0.8360062893081761,1,False
"Ã¼rÃ¼n gÃ¼zel , kargo inanÄ±lmaz hÄ±zlÄ± tavsiye ediyorum ...",1,gÃ¼zel,0.425,1,True
gayet gÃ¼zel bir Ã¼rÃ¼n ayrÄ±ca gayette hesaplÄ± bir Ã¼rÃ¼n . tavsiye ederim,1,"gayet, gÃ¼zel, ayrÄ±ca",0.6888888888888889,1,True
gayet gÃ¼zel paketleme yapÄ±lmÄ±ÅŸ ge kullanÄ±mÄ± kolay . teÅŸekkÃ¼r ederiz,1,"gayet, gÃ¼zel, kolay",0.6861111111111111,1,True
gÃ¼zel sadece Ã§ok fazla ses Ã§Ä±kartÄ±yor,1,"gÃ¼zel, sadece, Ã§ok, fazla",1.1742662473794547,1,True
Ã§ok Ã§ok gÃ¼zel bayÄ±ldÄ±m,1,"Ã§ok, Ã§ok, gÃ¼zel",2.425,1,True
olumsuz yÃ¶nleri : Ã¼rÃ¼n alt tabanÄ±nda kaymamasÄ± iÃ§in takÄ±lan lastiklerinden kopmuÅŸ olarak ulaÅŸtÄ± elime maÄŸazaya teÅŸhir olarak koyduÄŸunuz Ã¼rÃ¼nleri mÃ¼ÅŸteriye gÃ¶ndermeyin ! !,0,olumsuz,-0.2924528301886793,0,True
Ã¼rÃ¼n fena deÄŸil,0,fena,0.008333333333333333,1,False
herÅŸey Ã§ok gÃ¼zel,1,"Ã§ok, gÃ¼zel",1.425,1,True
"iÅŸlevsellik yÃ¶nÃ¼nden emsallerinden farkÄ± yok , rahatlÄ±kla Ã¼rÃ¼n kalitesinin Ã§ok iyi olduÄŸunu sÃ¶yleyebilirim ve ihtiyacÄ± olanlara salÄ±k verebilirim .",1,"yok, rahat, Ã§ok, iyi",0.43333333333333335,1,True
"Ã¼rÃ¼nÃ¼ 6 ay Ã¶nce anneme aldÄ±m arada bende kullandÄ±m ve uzun sÃ¼reli kullanÄ±m sonrasÄ± kesinlikle tavsiye ederim . kaliteli malzeme , mÃ¼kemmel taban ve kolay kullanÄ±mÄ±yla Ã§ok rahat bir Ã¼tÃ¼",1,"uzun, kesin, mÃ¼kemmel, kolay, Ã§ok, rahat",1.3222222222222224,1,True
kesinlikle Ã§ok gÃ¼zel bir Ã¼rÃ¼n .,1,"kesinlikle, Ã§ok, gÃ¼zel",1.4472222222222222,1,True
30 metre mesafede tek duvardan 2 diÅŸ Ã§ekiyor neredeyse telefonumla aynÄ± beklentinin Ã§ok aÅŸaÄŸÄ±sÄ±nda almadan Ã¶nce okuduÄŸum yorumlar inandÄ±rÄ±cÄ± gelmiyor artÄ±k .,0,"tek, neredeyse, aynÄ±, Ã§ok, inandÄ±rÄ±cÄ±, artÄ±k",1.161111111111111,1,False
Ã¼tÃ¼de tefalÄ±n farkÄ± hemen ayÄ±rt edilebiliyor . kargo ve ambalajlama iyi .,1,"hemen, iyi",0.46111111111111114,1,True
"arÃ§elik garantisi altÄ±nda 4 programlÄ± Ã§elik kazanlÄ± , alÄ±nabilecek en uygun makine",1,"en, uygun",0.18611111111111112,1,True
Ã§ok memnunum iyice kullandÄ±ktan sonra yorum yapmak istedim kesinlikle tavsiye ederim Ã¼tÃ¼ iÅŸini kolaylaÅŸtÄ±rÄ±yor,1,"Ã§ok, memnun, iyi, kesin, kolay",1.8277777777777777,1,True
leomanya satÄ±cÄ±sÄ±ndan aldÄ±ÄŸÄ±m Ã¼rÃ¼nler 10 gÃ¼nde minik bir kolide geldi sÃ¼reyi gÃ¶zardÄ± edersek benim hoÅŸlanmadÄ±ÄŸÄ±m durum kolinin iÃ§indekilerin eÅŸek kadar kolinin Ã¼zerine yapÄ±ÅŸtÄ±rÄ±lmasÄ± iÅŸyerine sÃ¶ylediÄŸim iÃ§in sipariÅŸi bu durum rahatsÄ±z edici benim aÃ§Ä±mdan bu konuya satÄ±cÄ±larÄ±n dikkat etmesi gerekiyor bence .,0,minik,0.0,-1,False
1 gÃ¼nde elime ulaÅŸtÄ± bir kaÃ§ gÃ¼n kulanÄ±dÄ±ktan sonra yorum yapmak istedim . gerÃ§ekten ÅŸÄ±k bir telefon daha Ã¶nce lg g5 kullanÄ±yordum memnunum Ã¶neririm .,1,"kaÃ§, sonra, gerÃ§ekten, ÅŸÄ±k, daha, Ã¶nce, memnun",0.8277777777777777,1,True
"uyku takibini halihazÄ±rda kullanmakta olduÄŸum mÄ± bandla kÄ±yaslamak iÃ§in almÄ±ÅŸtÄ±m , kÄ±yaslamaya gerek olmadÄ±ÄŸÄ±nÄ± Ã¶ÄŸrendim . gps kapatÄ±lÄ±nca telefonla baÄŸlantÄ±sÄ± kopuyor bilmem ne ... biri Ã§Ä±kÄ±p ta , bir gÃ¼n gelecek sarÄ± , tuhaf saÃ§lÄ± adamÄ±n birine , bir konuda hak vereceksin dese , hayatta inanmazdÄ±m .",0,"ne, ta, sarÄ±, tuhaf",0.09166666666666667,1,False
Ã¶zenli paketlenmiÅŸ teÅŸekkÃ¼rler,1,,0.0,-1,False
kesinlikle tercih etmeyin kokusu hiÃ§ yok denecek kadar az ve kullanÄ±m amacÄ±na bile uymuyor . denediÄŸim iÃ§in piÅŸmanÄ±m .,0,"kesinlikle, hiÃ§, yok, az, bile, piÅŸman",-2.411740041928721,0,True
Ã¼rÃ¼nden memnun kaldÄ±m tavsiye ederim,1,memnun,0.23055555555555557,1,True
"0 mb ile 10-15 mb arasÄ±nda zigzag Ã§izerek kopyalama yapÄ±yor . ntfs , fat her tÃ¼rlÃ¼ formatlayarak denedim ama sonuÃ§ deÄŸiÅŸmedi . hayatÄ±mda ilk kez bu ÅŸekilde bir yazma olayÄ± ile karÅŸÄ±laÅŸÄ±yorum .",0,"tÃ¼rlÃ¼, ilk",0.08888888888888888,1,False
Ã§ok memnun kalmadÄ±m fiyatÄ±na gÃ¶re iyi fakat 2200w olmasÄ±na raÄŸmen Ä±sÄ±tmÄ±yor .,0,"Ã§ok, memnun, iyi",1.6305555555555555,1,False
Ã§Ã¶p beÅŸ para etmez sakÄ±n almayÄ±n,0,,0.0,-1,False
anneme doÄŸum gÃ¼nÃ¼ hediyesi olarak aldÄ±m Ã§ok severek kullanÄ±yor her gÃ¼n . aÅŸÄ±rÄ± kolay bir Ã¼rÃ¼n iyi ki almÄ±ÅŸÄ±z,1,"Ã§ok, aÅŸÄ±rÄ±, kolay, iyi",1.4861111111111112,1,True
"beklentinin Ã§ok yÃ¼ksek olmasÄ±n , birincisi kargo ÅŸirketi berbat , baÅŸka ÅŸirket yokmuÅŸ gibi yurtiÃ§i kargo da niye Ä±srar ediliyor ? adamlar ellerindeki Ã¼rÃ¼nÃ¼ eve getirmiyor , neyse Ã¼rÃ¼ne gelince sÃ¼per bir Ã¼rÃ¼n beklemeyin , baÅŸta paket Ã§ok zayÄ±f , kargoda yÄ±rtÄ±lmÄ±ÅŸ , Ã¼rÃ¼n basit , kaliteli bir ÅŸey yapÄ±lmamÄ±ÅŸ , Ä±sÄ±tÄ±cÄ± rezistanslar aÃ§Ä±kta , geÃ§ piÅŸiriyor vb. ÅŸeyler kÄ±sacasÄ± hayaller ve gerÃ§ekler farklÄ± .",0,"Ã§ok, yÃ¼ksek, berbat, baÅŸka, yok, yurtiÃ§i, niye, neyse, sÃ¼per, Ã§ok, zayÄ±f, basit, aÃ§Ä±k, geÃ§, kÄ±sacasÄ±",0.8492138364779875,1,False
kullanan arkadaÅŸlar benim merak ettiÄŸim konu kuruyemiÅŸleri un haline getirebiliyor mu yani sÄ±vÄ± olmadan da Ã§alÄ±ÅŸabiliyor mu,0,,0.0,-1,False
sakÄ±n Ã¼rÃ¼n almayÄ±n,0,,0.0,-1,False
Ã¼rÃ¼n geldi paketi dÃ¼zgÃ¼n kargo yapÄ±lmÄ±ÅŸ ama daha Ä±lÄ±ÅŸtÄ±rmadÄ±k teÅŸekkÃ¼rler,1,"dÃ¼zgÃ¼n, daha",0.3722222222222222,1,True
kargo hÄ±zlÄ± Ã¼rÃ¼n kaliteli ğŸ‘,1,,0.0,-1,False
kesinlikle mÃ¼kemmel . Ã§ekim gÃ¼cÃ¼ Ã§ok iyi . aparatlarÄ± Ã§ok kullanÄ±ÅŸlÄ± . Ã¼rÃ¼n anlatÄ±ldÄ±ÄŸÄ± gibi .,1,"kesinlikle, mÃ¼kemmel, Ã§ok, iyi, Ã§ok",2.463888888888889,1,True
Ã¼rÃ¼nÃ¼ aldÄ±m fakat elime ulaÅŸmadÄ± Ã¼stelik kargo takip bilgisi bile yok nereden takip edeceÄŸimi bilmiyorum sipariÅŸimin nerde olup olmadÄ±ÄŸÄ±nÄ± Ã¶ÄŸrenemiyorum Ã¼creti kalitesine gÃ¶re biraz fazla ama yine de satÄ±n aldÄ±m,0,"Ã¼stelik, bile, yok, biraz, fazla, yine",-1.4959643605870023,0,True
Ã¼Ã§Ã¼ncÃ¼ kullanÄ±mda motoru yandÄ± ... servise gidecek mecbur . tavsiye etmiyorum .,0,mecbur,0.0,-1,False
fiÅŸ daha ilk gÃ¼nden elimde kaldÄ± . sÄ±rf araÃ§ ÅŸarjÄ± iÃ§in iade etmedim . daha Ã¶nce aldÄ±ÄŸÄ±m Ä±5 ÅŸarjÄ± da kalitesizdi . Ã¼rÃ¼n kalitesinde geliÅŸme yok halen ...,0,"daha, ilk, sÄ±rf, daha, Ã¶nce, yok, hÃ¢len",-0.17384696016771495,0,True
Ã¼rÃ¼n Ã§ok harika ... . . tavsiye ederim piyasanÄ±n Ã§ok altÄ±nda veriyor teÅŸekkÃ¼rler . ...,1,"Ã§ok, harika",1.0916666666666666,1,True
Ã§amaÅŸÄ±r makinesi aldÄ±m bir hafta cÃ¼rÃ¼m yok tfn aÃ§Ä±yorum servis iÃ§in bahaneler yapÄ±lÄ±yor . aylÄ±k bir cihaz . arasÄ± anahtar resmi var . Ã§alÄ±ÅŸmÄ±yor . servis Ã¼cretinde talep ediliyor .,1,"yok, resmÃ®",-1.0,0,False
piyasaya gÃ¶re Ã§ok uygun fiyata aldÄ±m 1 sene olmak Ã¼zere hiÃ§bir problemi yok teÅŸekkÃ¼r ederiz,1,"Ã§ok, uygun, yok",0.07222222222222219,1,True
ÅŸu damlamÄ±yor Ã§ok fena umduÄŸum olmadÄ±,0,"Ã§ok, fena",1.0083333333333333,1,False
avantajlar : kaliteli<br / > eve anneme ve abimlere aldÄ±m Ã§ok gÃ¼zel ayrÄ±ca yerli malÄ± servisinden Ã§ok memnunun homend in,1,"Ã§ok, gÃ¼zel, ayrÄ±ca, yerli, Ã§ok, memnun",2.7555555555555555,1,True
Ã¼rÃ¼n sÃ¶ylendiÄŸi gibi,0,,0.0,-1,False
Ã¼rÃ¼nÃ¼n kuvveti az bu sebeple bir ÅŸey sÄ±kacaksanÄ±z biraz uzun sÃ¼rebilir Ã§ok yavaÅŸ iade ettim bu sebeple,0,"az, biraz, uzun, Ã§ok, yavaÅŸ",0.5688679245283019,1,False
bu kadar hÄ±zlÄ± bir gÃ¶nderiye ilk kez ÅŸahit oldum . fiyatÄ±na gÃ¶re oldukÃ§a kullanÄ±ÅŸlÄ± ve hatasÄ±z . Ã§ok memnun kaldÄ±m . teÅŸekkÃ¼r ederim,1,"ilk, Ã§ok, memnun",1.3138888888888889,1,True
"olumlu yÃ¶nleri : fiyat makul gibi ama Ã¼zerine 500 ila 700 tl ekleyip lg philips alÄ±nabilir olumsuz yÃ¶nleri : yÄ±l olmuÅŸ 2019 sesli komut Ã¶zelliÄŸi hala yok , lg samsung 55 â€ bin kÃ¼sÃ¼re var yerli Ã¼retime destek verelim ama kalite yok ucuz malzemeyi getir montajla misliyle sat gÃ¶rÃ¼ntÃ¼ kalitesi tatmin edici deÄŸil para kolay kazanÄ±lmÄ±yor",0,"olumlu, makul, olumsuz, hÃ¢lÃ¢, yok, var, yerli, yok, ucuz, kolay",-2.0495283018867925,0,True
resimde gÃ¶rÃ¼ldÃ¼ÄŸÃ¼nden daha bÃ¼yÃ¼k . gayet iyi,1,"daha, bÃ¼yÃ¼k, gayet, iyi",0.9916666666666667,1,True
"Ã§ok mÃ¼kemmel bir Ã¼tÃ¼ , bende hanÄ±mÄ±m da zevkle Ã¼tÃ¼ yapÄ±yoruz . kullanÄ±mÄ± Ã§ok kolay , buhar hÄ±zÄ±yla ve Ã¶zel kaygan tamamÄ±yla elbiseler Ã§ok hÄ±zlÄ± bir ÅŸekilde Ã¼tÃ¼leniyor . herkese tavsiye ederim . hÄ±zlÄ± kargo , 5 yÄ±ldÄ±z Ã¼tÃ¼",1,"Ã§ok, mÃ¼kemmel, Ã§ok, kolay, Ã¶zel, kaygan, tamamÄ±yla, Ã§ok",3.127777777777778,1,True
2018 5. ayÄ±nda takdirdim yazÄ±n 11 ayda aÃ§tÄ±m kÄ±ÅŸlÄ±k mada geÃ§tim 15 gÃ¼n kullandÄ±m makina patlama sesleri verdi servis gaz valfi ateÅŸleme trafosunu deÄŸiÅŸtirdiler 2019 11. ayÄ±nda tekrar kÄ±ÅŸlÄ±k mada geÃ§tim 12. ayda yÃ¼ne patlamalÄ± yanma ve yine aynÄ± gaz valfi ve ateÅŸleme trafosu deÄŸiÅŸecek dediler 2 gÃ¼n soÄŸukta bekledik parÃ§a sipariÅŸi verdiler 2 gÃ¼n daha bekleriz biz tÃ¼rk milletiyiz donarak Ã¶lmeyiz aldÄ±Ä±ÄŸÄ±mamÄ± yanayÄ±m servisin ilgisizliÄŸinemi yanayÄ±m inÅŸallah size anlatabilmiÅŸimdir,0,"yine, aynÄ±, daha",0.4583333333333333,1,False
Ã¼rÃ¼n Ã§ok gÃ¼zel ve Ã§ok kaliteli,1,"Ã§ok, gÃ¼zel, Ã§ok",2.425,1,True
araÅŸtÄ±rarak aldÄ±ÄŸÄ±m bir Ã¼tÃ¼ eve geldim ve en kÄ±rÄ±ÅŸÄ±k gÃ¶mleÄŸi getirin dedim hemen koÅŸturup en kÄ±rÄ±ÅŸÄ±k olanÄ± alÄ±p geldiler inanÄ±lmaz tek seferde kaÄŸÄ±t gibi . paket biraz ezilmiÅŸ geldi o da kargo yÃ¼zden eminim . allah tan zarar gÃ¶rmemiÅŸ,1,"en, hemen, en, tek, biraz",0.038679245283018804,1,True
